"ADVISOR_ID","FIRST_NAME","LAST_NAME","AGE","STREET_ADDRESS","STATE","ZIP_CODE","COUNTRY","PHONE_NUMBER","ADVISOR_START_DATE"
1,"David","Flores",40,"5451 Pine Dr","CA",77843,"USA","579-874-1784","2023-06-19"
2,"Helen","Walker",57,"309 Pine Dr","ND",88633,"USA","661-405-8613","2016-12-22"
3,"Michael","Mitchell",52,"9498 Lake Dr","ME",96439,"USA","803-959-4138","2019-12-22"
4,"Robert","Williams",49,"5162 Lake Dr","AK",90593,"USA","845-588-9783","2017-06-23"
5,"John","King",42,"9866 Hill Ave","MD",32180,"USA","814-703-6028","2010-02-19"
6,"Donna","Flores",52,"5083 Pine Dr","OR",65852,"USA","586-442-2874","2014-04-13"
7,"Rebecca","Gonzales",47,"7219 Pine Dr","VA",53882,"USA","356-790-2477","2018-01-27"
8,"Katherine","Johnson",62,"6904 Elm St","ID",73313,"USA","342-439-8911","2021-07-14"
9,"Paul","Harris",51,"5249 Elm St","WV",85767,"USA","426-491-9500","2012-09-07"
10,"Jeffrey","Hill",47,"2349 Elm St","RI",15324,"USA","519-563-6934","2024-04-22"
11,"Joshua","Robinson",65,"4890 Cedar Ln","MN",14198,"USA","264-402-9645","2018-02-17"
12,"Jeffrey","Ramirez",34,"1420 Hill Ave","ND",42285,"USA","341-590-3552","2019-09-26"
13,"Jennifer","Jackson",45,"3785 Main St","IN",62319,"USA","711-990-3821","2022-01-02"
14,"David","Young",31,"3707 Main St","HI",88167,"USA","385-237-2441","2024-09-12"
15,"James","Green",33,"647 Pine Dr","NH",54564,"USA","481-520-5270","2024-02-06"
16,"Katherine","Carter",34,"7370 Park Blvd","DE",88721,"USA","961-904-8559","2012-05-09"
17,"Jacob","Thompson",44,"5918 Maple Ave","SC",10184,"USA","642-859-7467","2023-01-11"
18,"Maria","Perez",30,"4405 Hill Ave","AL",14235,"USA","218-903-5723","2021-04-14"
19,"Paul","Adams",53,"313 Cedar Ln","NC",82226,"USA","316-789-6135","2019-05-01"
20,"Donna","Williams",61,"603 Oak Ave","CT",37469,"USA","496-440-6018","2015-03-17"
21,"Rachel","Thomas",47,"5757 Maple Ave","NE",43125,"USA","568-405-6198","2021-08-15"
22,"Jason","Torres",54,"237 Elm St","DE",33694,"USA","770-507-9677","2022-10-16"
23,"Michael","Perez",28,"6837 Pine Dr","IL",30419,"USA","415-839-1416","2024-05-03"
24,"Rachel","Hill",58,"8023 Oak Ave","NH",32700,"USA","938-629-2083","2013-03-09"
25,"Nicole","Lewis",52,"3861 Hill Ave","AL",68175,"USA","940-218-6276","2018-04-21"
26,"Richard","Lewis",54,"8429 Elm St","KY",13893,"USA","530-749-4600","2022-05-17"
27,"Matthew","King",37,"5588 Valley Rd","NV",99667,"USA","712-465-1700","2012-02-12"
28,"Brian","Smith",49,"6681 Maple Ave","NY",66814,"USA","532-845-9137","2021-10-11"
29,"Lisa","Wright",47,"8131 Main St","MA",11979,"USA","951-679-1900","2014-01-12"
30,"Jessica","Anderson",50,"6441 Elm St","MA",81557,"USA","222-712-7559","2012-05-24"
31,"Stephanie","Carter",56,"6429 Valley Rd","OR",49147,"USA","537-598-3700","2014-11-09"
32,"Kenneth","Green",29,"5319 Oak Ave","MS",30441,"USA","786-675-3746","2022-09-04"
33,"Melissa","Hill",56,"7694 Cedar Ln","SC",32446,"USA","451-590-3459","2010-03-24"
34,"Joseph","Flores",38,"9484 Main St","NY",50359,"USA","375-727-4894","2012-02-08"
35,"Anna","Jackson",49,"5113 Valley Rd","CA",83561,"USA","737-428-5140","2015-04-17"
36,"Jennifer","Young",58,"8758 Hill Ave","NE",47007,"USA","871-868-8621","2019-09-13"
37,"Paul","Young",49,"1427 Oak Ave","MT",24622,"USA","713-334-3574","2019-06-14"
38,"Daniel","King",39,"9207 Valley Rd","HI",92301,"USA","675-216-9472","2023-01-04"
39,"Nicole","Williams",62,"2513 Oak Ave","OR",91472,"USA","208-891-1609","2024-07-08"
40,"Elizabeth","Carter",33,"1877 Maple Ave","WV",11359,"USA","806-297-4587","2013-01-04"
41,"Steven","Carter",57,"9566 Valley Rd","WA",41288,"USA","524-658-9377","2013-04-07"
42,"Angela","Wright",60,"8194 Valley Rd","NC",85413,"USA","662-846-3009","2017-07-16"
43,"Jennifer","Brown",43,"1645 Pine Dr","NV",66577,"USA","375-722-4691","2016-12-17"
44,"Richard","Wright",44,"5646 Valley Rd","KS",32381,"USA","522-409-7303","2016-05-09"
45,"Jacob","Baker",39,"9150 Lake Dr","RI",33449,"USA","638-472-4735","2014-05-15"
46,"Emily","Robinson",46,"8195 Cedar Ln","ME",38488,"USA","656-246-8875","2016-12-22"
47,"Susan","Robinson",56,"7066 Hill Ave","OR",87272,"USA","734-919-6490","2018-05-06"
48,"David","Jackson",40,"5649 Oak Ave","MT",14043,"USA","555-726-4898","2012-10-19"
49,"Richard","Perez",32,"2671 Pine Dr","ND",26091,"USA","333-319-6042","2020-01-01"
50,"Rachel","Rodriguez",51,"9898 Maple Ave","TX",73989,"USA","698-491-7589","2014-07-23"
51,"Helen","Allen",41,"2659 Cedar Ln","SD",34392,"USA","433-632-6632","2013-03-12"
52,"Eric","Wright",35,"2206 Oak Ave","OK",87275,"USA","998-832-4877","2013-11-25"
53,"Anna","Hall",64,"1679 Pine Dr","MN",32750,"USA","531-312-4343","2015-04-08"
54,"Brian","Mitchell",57,"2596 Lake Dr","UT",17287,"USA","933-922-2361","2017-01-12"
55,"David","Clark",46,"3131 Maple Ave","IN",61580,"USA","272-945-1289","2015-08-02"
56,"William","Lewis",63,"9832 Oak Ave","SC",11218,"USA","276-990-1324","2015-12-10"
57,"Joshua","Allen",55,"4170 Cedar Ln","PA",22883,"USA","986-532-3436","2021-09-25"
58,"Lisa","Young",46,"5658 Pine Dr","NM",50791,"USA","644-852-4311","2015-04-19"
59,"Matthew","Taylor",47,"4402 Maple Ave","ME",26698,"USA","891-412-5107","2011-08-14"
60,"Anna","Campbell",54,"583 Maple Ave","RI",43842,"USA","571-834-7137","2017-06-21"
61,"Kimberly","Nguyen",42,"1269 Main St","NY",35302,"USA","982-998-9720","2013-09-16"
62,"Sarah","Flores",35,"7001 Maple Ave","GA",11335,"USA","385-802-6638","2020-08-13"
63,"Kimberly","Rivera",37,"8645 Elm St","VT",67703,"USA","534-309-8952","2023-08-17"
64,"Nicole","Roberts",58,"9020 Oak Ave","MN",26140,"USA","416-744-6307","2017-02-08"
65,"Jacob","Hill",52,"7671 Maple Ave","MI",34823,"USA","375-800-7351","2021-09-08"
66,"Amanda","Davis",64,"2354 Elm St","FL",21819,"USA","799-555-2493","2023-06-02"
67,"Maria","Nelson",60,"4245 Valley Rd","PA",16972,"USA","833-347-4769","2014-12-27"
68,"Joseph","Thomas",56,"8322 Valley Rd","HI",98455,"USA","577-833-2742","2018-08-06"
69,"Ashley","Rivera",49,"533 Valley Rd","WA",92062,"USA","523-284-8985","2024-02-05"
70,"Helen","Martin",34,"5678 Park Blvd","KY",36930,"USA","792-548-3054","2021-01-09"
71,"William","Adams",45,"877 Lake Dr","SC",27245,"USA","886-614-2495","2020-04-01"
72,"Emily","Moore",46,"8202 Elm St","SC",66241,"USA","721-815-5092","2022-05-28"
73,"Steven","Thomas",60,"3655 Lake Dr","ME",30246,"USA","279-697-5604","2020-02-16"
74,"Daniel","Baker",37,"7508 Park Blvd","NE",78168,"USA","855-900-9878","2011-10-28"
75,"Kevin","Flores",64,"5381 Elm St","WA",93927,"USA","530-510-1531","2010-10-28"
76,"Jason","Lopez",29,"6407 Main St","IA",12298,"USA","857-554-1257","2024-06-27"
77,"David","Martin",51,"9471 Valley Rd","SC",23185,"USA","315-335-8008","2016-11-25"
78,"Anna","Ramirez",34,"9949 Maple Ave","SC",39647,"USA","683-511-4633","2016-09-18"
79,"Jennifer","Martinez",57,"8114 Hill Ave","AL",20845,"USA","883-322-8106","2013-07-26"
80,"Christopher","Torres",37,"9310 Hill Ave","CT",50515,"USA","782-704-2961","2015-07-24"
81,"Elizabeth","Taylor",52,"2496 Maple Ave","ND",37058,"USA","204-625-5734","2017-04-24"
82,"Katherine","Brown",28,"7515 Park Blvd","MI",35304,"USA","357-403-3545","2014-05-19"
83,"Kenneth","Jackson",44,"3981 Valley Rd","FL",97982,"USA","490-459-6938","2022-10-05"
84,"David","Campbell",57,"5264 Cedar Ln","ID",61513,"USA","264-228-4553","2016-07-17"
85,"William","Adams",46,"7742 Oak Ave","MA",57959,"USA","547-686-8635","2012-08-24"
86,"Brian","Walker",59,"1069 Cedar Ln","SC",98410,"USA","933-853-2252","2019-04-10"
87,"Sarah","Lopez",33,"3344 Maple Ave","OR",22805,"USA","294-601-8657","2024-02-22"
88,"Emily","Wright",56,"4788 Lake Dr","KY",10689,"USA","857-539-3747","2015-05-17"
89,"Joshua","Davis",51,"2087 Valley Rd","AL",65630,"USA","436-717-5914","2012-06-01"
90,"Nicole","Wright",56,"5190 Cedar Ln","AR",26250,"USA","512-371-2171","2011-12-25"
91,"Eric","Johnson",60,"7598 Cedar Ln","IN",28541,"USA","340-532-6892","2021-02-19"
92,"Lisa","Green",32,"4962 Maple Ave","NH",51383,"USA","423-728-3664","2017-07-06"
93,"John","Anderson",56,"4753 Park Blvd","VA",15257,"USA","986-781-5051","2019-12-20"
94,"Christopher","Smith",34,"9307 Oak Ave","HI",49363,"USA","299-877-7183","2016-11-10"
95,"Timothy","Lewis",37,"4773 Valley Rd","MS",64381,"USA","308-363-6748","2018-08-11"
96,"Jennifer","Gonzales",35,"2309 Cedar Ln","WV",94172,"USA","727-790-7550","2012-09-08"
97,"Jason","Young",62,"2897 Main St","CA",54562,"USA","491-429-6729","2024-07-13"
98,"Stephanie","Hernandez",65,"6765 Oak Ave","OK",38450,"USA","236-876-3211","2023-10-03"
99,"Sarah","Mitchell",33,"1219 Valley Rd","WV",15279,"USA","214-992-6360","2019-06-23"
100,"Jacob","Flores",35,"4610 Park Blvd","AR",17921,"USA","488-760-4724","2010-05-16"
101,"Stephanie","Torres",63,"1206 Oak Ave","MS",96531,"USA","308-428-3418","2021-05-24"
102,"Brian","Allen",33,"9371 Pine Dr","OR",64766,"USA","495-870-3076","2020-02-17"
103,"Timothy","Rivera",46,"4681 Elm St","KY",98288,"USA","394-252-6755","2011-10-17"
104,"Anna","Adams",53,"4386 Elm St","CT",92069,"USA","246-421-2567","2023-01-05"
105,"Helen","Green",42,"1475 Main St","WY",75029,"USA","203-424-2294","2017-04-07"
106,"Kevin","Robinson",36,"9151 Lake Dr","UT",14713,"USA","739-960-9877","2015-09-23"
107,"Ryan","Robinson",55,"4658 Hill Ave","NM",49440,"USA","267-311-5331","2016-05-10"
108,"Ryan","Adams",51,"8562 Oak Ave","AR",34714,"USA","825-936-1676","2017-02-12"
109,"Donna","Jackson",31,"6776 Park Blvd","NE",57990,"USA","350-799-7415","2018-10-23"
110,"David","Sanchez",46,"3203 Lake Dr","WY",52889,"USA","326-827-2356","2020-02-11"
111,"Paul","Lopez",52,"677 Cedar Ln","VT",54603,"USA","903-938-5681","2012-08-26"
112,"Donna","Martin",35,"1631 Maple Ave","NE",16563,"USA","525-620-3789","2017-02-02"
113,"Michelle","Hill",43,"798 Cedar Ln","ND",80137,"USA","995-835-5625","2020-11-26"
114,"Robert","Carter",63,"5041 Cedar Ln","VT",86301,"USA","756-452-2990","2024-10-05"
115,"William","Anderson",60,"4228 Oak Ave","PA",30505,"USA","219-939-4737","2021-12-08"
116,"Stephanie","Hernandez",37,"3817 Pine Dr","MA",48208,"USA","215-540-2550","2015-04-07"
117,"Laura","Gonzales",44,"9286 Maple Ave","FL",92071,"USA","582-879-8307","2012-02-12"
118,"Rebecca","Jones",28,"6180 Elm St","ID",92325,"USA","829-866-4071","2021-05-15"
119,"John","Davis",65,"9738 Oak Ave","KS",95157,"USA","888-245-8795","2021-01-13"
120,"Angela","Anderson",56,"715 Valley Rd","SD",32531,"USA","908-528-3780","2014-06-21"
121,"Elizabeth","Thomas",47,"6482 Maple Ave","IA",70430,"USA","589-451-4456","2014-12-05"
122,"Amanda","Perez",29,"9153 Valley Rd","MD",59988,"USA","624-737-9569","2013-05-03"
123,"Paul","Martin",50,"3057 Park Blvd","OR",94532,"USA","735-512-6085","2017-01-15"
124,"Jennifer","Williams",47,"3067 Main St","DE",16222,"USA","640-530-8772","2012-10-01"
125,"Ryan","Hernandez",58,"3865 Valley Rd","WV",24487,"USA","475-953-8313","2021-05-15"
126,"Ashley","Roberts",29,"1292 Cedar Ln","AR",33223,"USA","577-408-5994","2017-08-13"
127,"Brian","Wilson",44,"7639 Park Blvd","WA",48025,"USA","936-717-4669","2020-09-01"
128,"David","Gonzales",36,"6083 Elm St","MI",73757,"USA","853-638-5864","2016-06-13"
129,"Lisa","Williams",62,"7204 Pine Dr","WV",40045,"USA","374-471-3731","2016-07-17"
130,"Steven","Ramirez",53,"3816 Pine Dr","VA",46870,"USA","218-759-7837","2021-11-22"
131,"David","Lewis",40,"4553 Main St","MN",17504,"USA","537-277-8254","2021-09-28"
132,"David","Moore",65,"5293 Maple Ave","NM",88382,"USA","205-550-9200","2012-01-23"
133,"Melissa","Torres",54,"4043 Hill Ave","UT",41036,"USA","874-563-1384","2016-02-07"
134,"Michael","Lewis",47,"3620 Park Blvd","IA",61454,"USA","886-812-3568","2024-02-07"
135,"Christopher","Hill",35,"3147 Oak Ave","ME",77519,"USA","276-498-3092","2017-02-28"
136,"Richard","Thomas",35,"1804 Valley Rd","MT",67725,"USA","861-670-6827","2020-08-07"
137,"Lisa","Allen",28,"781 Park Blvd","CA",65173,"USA","819-881-3455","2023-05-08"
138,"Jennifer","Thompson",37,"1426 Valley Rd","MI",89095,"USA","726-323-4686","2023-04-03"
139,"Maria","Nelson",35,"9039 Pine Dr","TX",47897,"USA","243-635-9705","2019-09-07"
140,"Angela","Young",52,"8175 Maple Ave","DE",80445,"USA","441-919-7072","2016-03-23"
141,"Ryan","White",50,"3968 Hill Ave","MD",44146,"USA","778-296-4438","2024-05-07"
142,"Matthew","Allen",50,"3622 Maple Ave","TX",24838,"USA","839-732-2378","2015-04-28"
143,"Ryan","Harris",51,"4315 Maple Ave","TX",84377,"USA","993-515-2561","2015-03-26"
144,"Andrew","Rodriguez",46,"7073 Cedar Ln","WV",77327,"USA","692-227-4135","2015-04-20"
145,"Kenneth","Adams",45,"385 Park Blvd","NY",71216,"USA","481-822-7814","2023-04-05"
146,"Jason","Gonzales",57,"4166 Valley Rd","IA",11057,"USA","622-747-8837","2024-06-23"
147,"Andrew","Mitchell",55,"8771 Elm St","MT",35000,"USA","870-450-7550","2014-04-08"
148,"Nicole","Moore",56,"6269 Oak Ave","ND",50158,"USA","435-643-3198","2024-02-06"
149,"Angela","Torres",36,"8453 Park Blvd","DE",24232,"USA","938-763-3828","2017-10-10"
150,"Jeffrey","Thompson",60,"468 Elm St","AK",44435,"USA","500-671-7144","2012-04-24"
151,"Elizabeth","Scott",47,"4842 Pine Dr","WA",55885,"USA","725-944-6459","2024-02-01"
152,"Daniel","Smith",52,"1543 Hill Ave","ME",35673,"USA","377-413-5348","2016-01-26"
153,"Kevin","Young",30,"5353 Elm St","MD",91206,"USA","486-742-7558","2013-10-24"
154,"Michael","Adams",56,"330 Lake Dr","KY",40630,"USA","628-999-6042","2019-05-05"
155,"Robert","Taylor",31,"8407 Cedar Ln","RI",13567,"USA","768-295-5068","2012-12-24"
156,"Melissa","Campbell",29,"2859 Lake Dr","MN",82293,"USA","867-993-9948","2022-10-03"
157,"Nicole","Martinez",50,"2165 Pine Dr","NV",98167,"USA","969-931-1081","2013-07-24"
158,"Michelle","Allen",40,"6095 Park Blvd","NV",89894,"USA","502-818-2357","2018-01-03"
159,"William","Lee",55,"7351 Main St","MI",27951,"USA","584-286-2716","2010-09-11"
160,"Robert","Martin",48,"5607 Cedar Ln","NC",49035,"USA","295-319-6839","2020-01-10"
161,"Paul","Lewis",28,"8476 Hill Ave","SC",17427,"USA","659-486-7263","2023-03-03"
162,"Rebecca","Mitchell",50,"7036 Hill Ave","NV",14491,"USA","550-283-7970","2014-11-25"
163,"Steven","White",58,"3038 Pine Dr","TX",95950,"USA","992-292-1334","2016-10-22"
164,"William","Lee",60,"1120 Cedar Ln","MS",72161,"USA","931-252-9378","2017-09-14"
165,"Kimberly","Nguyen",64,"1408 Maple Ave","IA",16588,"USA","482-706-9983","2017-09-23"
166,"Jeffrey","Torres",35,"7526 Elm St","AL",82835,"USA","837-882-2136","2014-07-04"
167,"Ryan","Martinez",56,"4099 Main St","PA",85758,"USA","900-236-1888","2015-02-14"
168,"Kenneth","Anderson",64,"245 Main St","OK",29786,"USA","748-583-4856","2024-04-21"
169,"Timothy","Garcia",42,"2460 Oak Ave","MA",77513,"USA","919-626-5432","2019-07-15"
170,"Jennifer","Perez",60,"8941 Elm St","AR",45616,"USA","615-337-8496","2024-08-09"
171,"Angela","Martinez",40,"8315 Hill Ave","VT",50890,"USA","283-499-5150","2020-01-03"
172,"John","Hall",41,"7933 Valley Rd","TX",65371,"USA","542-296-2061","2019-04-09"
173,"Timothy","Wilson",41,"8044 Elm St","KS",47872,"USA","989-366-5100","2024-08-17"
174,"Amanda","Martinez",38,"4230 Cedar Ln","PA",10899,"USA","372-913-3696","2021-07-19"
175,"Jeffrey","Williams",42,"2178 Cedar Ln","AK",94322,"USA","207-518-4386","2021-12-10"
176,"Steven","Scott",36,"9181 Cedar Ln","WA",75020,"USA","607-235-8580","2022-10-20"
177,"Matthew","Wilson",41,"5012 Park Blvd","AZ",85614,"USA","970-743-8277","2022-03-18"
178,"Jacob","Thomas",28,"542 Maple Ave","CO",60208,"USA","769-964-8593","2019-03-26"
179,"Donna","Allen",38,"5021 Main St","NC",23693,"USA","254-558-4463","2014-04-15"
180,"Nicole","Green",28,"2588 Valley Rd","OK",95912,"USA","299-844-3260","2018-06-20"
181,"Laura","Mitchell",63,"3739 Pine Dr","MS",55088,"USA","706-837-2053","2014-10-04"
182,"Jacob","Wright",42,"4894 Elm St","LA",58233,"USA","875-655-2898","2020-01-18"
183,"Elizabeth","Flores",35,"3066 Cedar Ln","MN",31367,"USA","351-297-7607","2013-11-16"
184,"Michael","Mitchell",64,"8370 Cedar Ln","IA",71879,"USA","780-855-5999","2010-04-23"
185,"Donna","White",57,"5614 Elm St","CA",58817,"USA","254-920-6868","2020-12-26"
186,"Lisa","Moore",64,"1436 Maple Ave","MI",92999,"USA","379-967-6001","2010-01-06"
187,"Michael","Clark",60,"6043 Valley Rd","MA",50939,"USA","235-612-4151","2023-09-10"
188,"Angela","Lewis",42,"6331 Pine Dr","MA",77269,"USA","422-580-7493","2024-01-19"
189,"Jennifer","Campbell",33,"8596 Park Blvd","VT",19618,"USA","779-433-3579","2010-06-17"
190,"Nicole","Johnson",48,"230 Maple Ave","IN",87151,"USA","909-405-7145","2019-09-10"
191,"William","Jones",37,"6327 Cedar Ln","WV",20960,"USA","467-899-5467","2011-06-19"
192,"Jacob","Clark",53,"8497 Valley Rd","AR",69112,"USA","742-729-6773","2014-01-03"
193,"Angela","Hall",51,"4077 Hill Ave","WV",44072,"USA","754-760-7719","2012-03-17"
194,"Robert","Thomas",60,"4823 Park Blvd","AZ",89873,"USA","266-956-5371","2011-11-12"
195,"Melissa","Moore",56,"2440 Valley Rd","KY",31154,"USA","453-991-3293","2012-11-28"
196,"Christopher","Nguyen",30,"2266 Lake Dr","CA",64685,"USA","241-500-3523","2011-07-23"
197,"Emily","Perez",28,"2389 Oak Ave","MN",71193,"USA","433-463-6918","2024-02-24"
198,"Brian","Lewis",44,"493 Elm St","FL",30941,"USA","870-628-4625","2015-10-03"
199,"Anthony","King",58,"8346 Cedar Ln","RI",25787,"USA","215-571-4389","2015-10-28"
200,"Jennifer","Nelson",41,"4873 Pine Dr","OH",67474,"USA","508-835-2124","2015-05-03"
201,"Katherine","Robinson",47,"3295 Cedar Ln","MI",23505,"USA","980-777-2565","2012-03-14"
202,"Ashley","Walker",49,"8228 Elm St","MA",84143,"USA","271-612-3755","2017-10-16"
203,"Amanda","Gonzales",31,"9474 Cedar Ln","OR",30681,"USA","751-998-1956","2017-09-27"
204,"Lisa","Ramirez",53,"2664 Maple Ave","WV",46215,"USA","652-804-5952","2013-07-05"
205,"Kimberly","Lewis",47,"6740 Elm St","MI",71729,"USA","589-961-1045","2015-01-12"
206,"William","Williams",62,"7636 Valley Rd","NC",13891,"USA","513-967-8425","2010-08-17"
207,"Jennifer","Miller",38,"7938 Maple Ave","IL",13421,"USA","881-263-9357","2019-09-09"
208,"Helen","Thompson",43,"753 Hill Ave","CA",44369,"USA","879-941-3018","2014-02-10"
209,"Joshua","Lee",42,"1746 Hill Ave","IL",95678,"USA","603-712-5482","2018-09-22"
210,"Ryan","Rivera",55,"9784 Hill Ave","AZ",34390,"USA","517-507-3202","2013-01-02"
211,"Matthew","Hernandez",63,"7255 Main St","KY",62627,"USA","255-271-1953","2018-10-22"
212,"Katherine","Allen",59,"8879 Elm St","MN",87836,"USA","686-659-5917","2014-12-15"
213,"Anthony","Taylor",52,"7671 Maple Ave","TN",15389,"USA","465-474-8024","2019-11-19"
214,"Brian","Ramirez",54,"7754 Lake Dr","OK",86677,"USA","923-783-3555","2022-10-05"
215,"Kenneth","Martinez",52,"9483 Maple Ave","NH",23605,"USA","925-349-3958","2019-09-21"
216,"Jessica","Anderson",51,"6428 Hill Ave","NY",36661,"USA","574-311-1617","2024-02-21"
217,"Jennifer","Scott",33,"4062 Main St","GA",18416,"USA","288-880-8657","2015-03-26"
218,"Helen","Jones",38,"4956 Pine Dr","OK",41240,"USA","512-978-4376","2010-08-08"
219,"James","Thomas",49,"6722 Hill Ave","ID",31027,"USA","771-971-5317","2016-10-28"
220,"Anna","Moore",47,"6529 Oak Ave","AR",41603,"USA","409-678-2982","2019-01-11"
221,"Emily","Moore",47,"3585 Cedar Ln","SD",69530,"USA","894-698-2069","2022-07-18"
222,"Emily","Harris",53,"3018 Maple Ave","OH",81339,"USA","599-434-6824","2020-05-08"
223,"William","Thomas",29,"9500 Lake Dr","HI",75118,"USA","988-746-5047","2023-04-27"
224,"Sarah","Roberts",52,"1909 Elm St","OH",88638,"USA","855-601-7687","2024-07-06"
225,"Laura","Smith",34,"5108 Lake Dr","TN",78194,"USA","918-477-6123","2024-01-11"
226,"Ashley","Perez",58,"3446 Lake Dr","KS",96557,"USA","229-748-2721","2015-12-03"
227,"Kimberly","Martin",42,"5858 Pine Dr","KY",61959,"USA","796-799-7479","2021-07-07"
228,"John","Wright",40,"2465 Maple Ave","ID",23303,"USA","384-238-4309","2011-03-01"
229,"Donna","Lopez",31,"6865 Elm St","LA",58362,"USA","384-275-9486","2014-02-02"
230,"Ashley","Lee",34,"646 Maple Ave","MD",64428,"USA","345-411-4266","2022-12-02"
231,"Elizabeth","Robinson",50,"8384 Main St","KS",13449,"USA","375-658-2201","2010-03-10"
232,"Michelle","King",28,"5376 Lake Dr","AR",24406,"USA","745-557-6009","2023-02-07"
233,"Rachel","Smith",33,"4818 Cedar Ln","RI",62476,"USA","943-858-1994","2024-02-03"
234,"Lisa","Jackson",44,"6477 Valley Rd","IN",35200,"USA","392-870-1047","2010-07-22"
235,"Brian","Nguyen",38,"8866 Cedar Ln","MI",54166,"USA","614-911-6516","2010-01-25"
236,"Kenneth","Torres",48,"2456 Elm St","KS",49906,"USA","316-473-4923","2024-05-25"
237,"Jennifer","Thomas",30,"2555 Hill Ave","IA",36210,"USA","538-313-9633","2022-07-12"
238,"Kenneth","Harris",59,"3380 Pine Dr","NY",99143,"USA","259-899-9180","2019-09-14"
239,"Maria","Ramirez",45,"3308 Hill Ave","LA",84352,"USA","825-506-9310","2020-01-04"
240,"Jacob","Jones",55,"5172 Hill Ave","ME",61866,"USA","784-731-9825","2024-11-18"
241,"Rebecca","Hall",31,"9099 Cedar Ln","MD",21191,"USA","274-451-5322","2016-09-13"
242,"Mark","Carter",39,"8466 Elm St","MD",44998,"USA","539-649-5919","2024-08-27"
243,"Angela","Smith",56,"3375 Pine Dr","AK",84534,"USA","252-431-2770","2014-10-27"
244,"James","Thomas",34,"2474 Oak Ave","NH",87373,"USA","644-401-2415","2022-05-13"
245,"Jason","Clark",55,"3259 Oak Ave","MT",76866,"USA","754-911-1484","2016-08-04"
246,"Laura","Anderson",28,"2696 Cedar Ln","VT",59280,"USA","575-410-6979","2023-10-20"
247,"Jennifer","Martin",50,"2060 Oak Ave","OR",59936,"USA","276-909-4958","2021-10-27"
248,"Steven","Jones",47,"8640 Park Blvd","NY",90980,"USA","677-263-4467","2012-01-01"
249,"Kevin","Lewis",60,"1213 Elm St","SC",43513,"USA","423-288-7073","2019-06-03"
250,"Lisa","Miller",32,"3352 Park Blvd","SD",25197,"USA","845-783-7397","2017-06-23"
